<?xml version="1.0" encoding="UTF-8" standalone="yes"?>
<addon id="plugin.video.annatel.tv" name="Annatel TV" version="2.02" provider-name="Eyal Rahmani, Ariel Lasry">
  <requires>
    <import addon="xbmc.python" version="2.1.0"/>
  </requires>
  <extension point="xbmc.service" library="service.py" start="[login|startup]"/>
  <extension point="xbmc.addon.metadata">
    <platform>all</platform>
    <summary>Annatel TV</summary>
    <description>Annatel TV</description>
    <platform>all</platform>
  </extension>
</addon>
